potato_(1kg),taxi_1hour_waiting_(normal_tariff),toyota_corolla_sedan_1.6l_97kw_comfort_(or_equivalent_new_car),apartment_(1_bedroom)_outside_of_centre,cigarettes_20_pack_(marlboro),water_(1.5_liter_bottle),apartment_(3_bedrooms)_in_city_centre,milk_(regular)_(1_liter),oranges_(1kg),1_pair_of_nike_running_shoes_(mid-range),1_summer_dress_in_a_chain_store_(zara_h&m_...),domestic_beer_(0.5_liter_draught),apartment_(1_bedroom)_in_city_centre,monthly_pass_(regular_price),beef_round_(1kg)_(or_equivalent_back_leg_red_meat),tennis_court_rent_(1_hour_on_weekend),cappuccino_(regular),local_cheese_(1kg),loaf_of_fresh_white_bread_(500g),price_per_square_meter_to_buy_apartment_in_city_centre,city,1_pair_of_jeans_(levis_501_or_similar),preschool_(or_kindergarten)_full_day_private_monthly_for_1_child,domestic_beer_(0.5_liter_bottle),eggs_(regular)_(12),apples_(1kg),chicken_fillets_(1kg),1_pair_of_men_leather_business_shoes,water_(0.33_liter_bottle),internet_(60_mbps_or_more_unlimited_data_cable/adsl),basic_(electricity_heating_cooling_water_garbage)_for_85m2_apartment,onion_(1kg),bottle_of_wine_(mid-range),rice_(white)_(1kg),taxi_1km_(normal_tariff),fitness_club_monthly_fee_for_1_adult,apartment_(3_bedrooms)_outside_of_centre,average_monthly_net_salary_(after_tax),1_min._of_prepaid_mobile_tariff_local_(no_discounts_or_plans),mortgage_interest_rate_in_percentages_(%)_yearly_for_20_years_fixed-rate,lettuce_(1_head),meal_inexpensive_restaurant,volkswagen_golf_1.4_90_kw_trendline_(or_equivalent_new_car),tomato_(1kg),one-way_ticket_(local_transport),gasoline_(1_liter),international_primary_school_yearly_for_1_child,cinema_international_release_1_seat,taxi_start_(normal_tariff),banana_(1kg),imported_beer_(0.33_liter_bottle),coke/pepsi_(0.33_liter_bottle),price_per_square_meter_to_buy_apartment_outside_of_centre,mcmeal_at_mcdonalds_(or_equivalent_combo_meal),meal_for_2_people_mid-range_restaurant_three-course
1.14 £,28.80 £,"24,990.24 £","1,454.69 £",13.40 £,1.15 £,"3,815.69 £",1.28 £,2.12 £,75.22 £,34.79 £,6.00 £,"2,070.28 £",160.00 £,11.05 £,12.16 £,3.47 £,6.73 £,1.30 £,"13,136.83 £",London,76.64 £,"1,568.05 £",1.95 £,3.06 £,2.13 £,7.05 £,94.87 £,1.43 £,29.98 £,306.18 £,1.17 £,9.00 £,1.96 £,1.80 £,47.89 £,"2,465.54 £","3,234.93 £",0.12 £,4.36,0.86 £,18.00 £,"25,000.00 £",2.65 £,2.70 £,1.75 £,"18,895.65 £",12.00 £,4.00 £,1.24 £,2.46 £,1.91 £,"7,405.18 £",7.50 £,80.00 £
1.02 £,24.00 £,"20,926.43 £",765.00 £,12.00 £,1.07 £,"2,026.47 £",0.99 £,2.05 £,73.00 £,40.71 £,5.00 £,"1,033.40 £",60.00 £,8.83 £,15.67 £,3.19 £,6.39 £,1.07 £,"4,664.57 £",Edinburgh,71.25 £,"1,064.76 £",1.57 £,2.05 £,1.94 £,5.84 £,82.22 £,1.23 £,29.22 £,189.73 £,0.83 £,7.00 £,1.16 £,1.42 £,34.00 £,"1,262.63 £","2,294.37 £",0.11 £,2.62,0.73 £,15.00 £,"22,795.00 £",2.20 £,1.85 £,1.61 £,"12,400.00 £",10.00 £,3.80 £,0.89 £,1.91 £,1.70 £,"3,293.75 £",6.50 £,60.00 £
1.00 £,15.00 £,"20,666.67 £",660.77 £,12.53 £,0.91 £,"1,612.50 £",1.02 £,1.65 £,65.00 £,36.25 £,4.00 £,806.33 £,53.00 £,8.94 £,6.00 £,2.95 £,5.30 £,1.05 £,"2,485.00 £",Cardiff,54.75 £,"1,116.67 £",2.02 £,2.32 £,1.92 £,5.17 £,56.43 £,1.37 £,24.67 £,224.35 £,0.98 £,8.00 £,1.56 £,1.18 £,28.22 £,"1,007.25 £","2,141.98 £",0.07 £,4.83,0.74 £,14.00 £,"24,500.00 £",1.79 £,2.00 £,1.54 £,"13,500.00 £",7.00 £,2.75 £,1.15 £,2.05 £,1.71 £,"2,200.00 £",6.99 £,60.00 £
1.26 £,13.50 £,"22,752.57 £",617.27 £,12.65 £,1.00 £,"1,350.00 £",1.06 £,1.65 £,72.31 £,34.29 £,5.20 £,855.00 £,60.00 £,10.14 £,10.71 £,2.97 £,5.38 £,1.25 £,"2,911.43 £",Belfast,60.00 £,859.56 £,1.80 £,2.14 £,2.11 £,5.81 £,85.25 £,1.20 £,36.67 £,122.04 £,1.05 £,8.00 £,1.65 £,1.93 £,32.94 £,855.50 £,"2,036.29 £",0.18 £,3.11,0.69 £,15.00 £,"20,021.82 £",1.80 £,2.60 £,1.56 £,"5,750.00 £",9.00 £,3.50 £,1.23 £,2.51 £,1.65 £,"1,933.33 £",6.50 £,60.00 £
1.68 €,30.60 €,"30,997.23 €","1,655.43 €",15.80 €,1.47 €,"3,542.50 €",1.27 €,2.34 €,93.54 €,36.88 €,6.00 €,"1,913.89 €",120.00 €,10.81 €,20.18 €,3.82 €,9.00 €,1.86 €,"7,344.42 €",Dublin,81.53 €,"1,218.75 €",2.89 €,3.57 €,2.41 €,9.65 €,98.81 €,1.72 €,56.27 €,233.52 €,1.07 €,12.00 €,1.46 €,1.50 €,45.79 €,"2,796.98 €","2,933.06 €",0.37 €,3.63,1.03 €,20.00 €,"32,000.00 €",3.45 €,2.00 €,1.76 €,"9,596.25 €",12.00 €,4.00 €,1.83 €,3.42 €,2.25 €,"5,118.51 €",10.00 €,80.00 €
2.23 €,45.00 €,"28,862.50 €",920.68 €,10.50 €,0.84 €,"2,827.42 €",1.21 €,3.01 €,93.09 €,38.34 €,7.00 €,"1,215.96 €",84.10 €,22.10 €,16.44 €,3.78 €,17.46 €,1.91 €,"12,310.06 €",Paris,98.97 €,755.00 €,2.10 €,3.53 €,3.32 €,13.53 €,130.63 €,2.49 €,30.25 €,199.01 €,2.36 €,9.00 €,2.16 €,1.86 €,36.13 €,"1,931.05 €","2,656.58 €",0.20 €,2.01,1.51 €,15.00 €,"22,000.00 €",3.89 €,2.10 €,1.97 €,"16,428.57 €",12.25 €,5.00 €,2.19 €,3.06 €,3.01 €,"8,661.31 €",10.00 €,60.00 €
1.28 €,5.00 €,"20,000.00 €",721.43 €,3.50 €,0.62 €,"1,735.71 €",1.16 €,1.67 €,91.67 €,28.33 €,2.25 €,856.25 €,30.00 €,10.72 €,25.00 €,2.12 €,17.01 €,1.32 €,"4,900.00 €",Andorra-La-Vella,82.50 €,514.00 €,0.86 €,2.12 €,1.62 €,9.22 €,83.33 €,1.28 €,50.23 €,140.00 €,1.46 €,7.08 €,2.00 €,1.52 €,41.00 €,"1,425.00 €","2,508.33 €",0.48 €,2.80,1.48 €,12.00 €,"18,500.00 €",2.81 €,1.90 €,1.28 €,"13,050.00 €",9.00 €,2.65 €,1.82 €,1.36 €,1.95 €,"3,775.00 €",8.00 €,50.00 €
1.26 €,22.00 €,"24,441.43 €",752.55 €,5.10 €,0.67 €,"1,674.91 €",0.98 €,1.58 €,67.31 €,25.37 €,2.90 €,994.23 €,52.00 €,12.04 €,10.64 €,1.94 €,10.47 €,1.11 €,"4,326.36 €",Madrid,53.37 €,477.14 €,1.03 €,2.43 €,2.14 €,7.28 €,72.08 €,1.53 €,29.45 €,137.98 €,1.38 €,5.00 €,1.31 €,1.05 €,35.30 €,"1,229.91 €","2,417.57 €",0.04 €,1.67,1.05 €,12.00 €,"25,377.00 €",1.99 €,1.50 €,1.66 €,"8,322.22 €",9.00 €,3.50 €,1.77 €,1.50 €,2.33 €,"2,750.51 €",8.00 €,47.50 €
1.27 €,15.00 €,"30,866.43 €",790.67 €,5.40 €,0.75 €,"2,256.04 €",0.93 €,1.52 €,73.47 €,31.91 €,2.50 €,"1,245.35 €",40.00 €,11.13 €,10.80 €,1.74 €,9.38 €,1.44 €,"5,331.76 €",Lisbon,80.58 €,441.70 €,1.24 €,2.68 €,1.99 €,6.91 €,94.57 €,1.14 €,36.40 €,122.28 €,1.24 €,4.00 €,1.30 €,0.70 €,37.76 €,"1,383.63 €","1,199.57 €",0.14 €,2.45,1.31 €,12.00 €,"28,000.00 €",2.06 €,2.00 €,1.81 €,"10,252.16 €",7.50 €,3.50 €,1.29 €,1.92 €,1.53 €,"2,829.77 €",7.50 €,50.00 €
1.50 €,80.00 €,"21,000.00 €","5,625.00 €",10.00 €,1.93 €,"29,666.67 €",1.75 €,1.83 €,139.75 €,37.00 €,7.00 €,"7,157.71 €",36.00 €,15.00 €,32.50 €,3.94 €,14.00 €,3.75 €,"73,666.67 €",Monaco,135.25 €,"3,200.00 €",2.00 €,2.97 €,1.67 €,10.00 €,584.00 €,5.55 €,57.00 €,174.78 €,2.33 €,13.00 €,3.17 €,1.70 €,600.00 €,"8,666.67 €","5,188.33 €",0.10 €,2.38,1.33 €,24.50 €,"20,000.00 €",3.50 €,2.00 €,1.83 €,"29,333.33 €",12.00 €,3.00 €,2.00 €,3.50 €,4.70 €,"54,600.00 €",10.00 €,150.00 €
1.46 €,35.00 €,"26,647.63 €","1,310.48 €",5.45 €,0.60 €,"2,731.08 €",1.31 €,2.29 €,93.94 €,34.83 €,5.25 €,"1,589.09 €",0.00 €,17.70 €,19.43 €,3.55 €,16.72 €,2.80 €,"11,182.86 €",Luxembourg,67.43 €,888.19 €,1.44 €,3.41 €,2.55 €,11.28 €,109.83 €,2.94 €,50.46 €,241.88 €,1.95 €,8.00 €,2.25 €,3.00 €,40.73 €,"2,186.30 €","4,239.22 €",0.05 €,1.90,1.46 €,19.45 €,"25,000.00 €",3.81 €,0.00 €,1.61 €,"16,955.50 €",12.00 €,4.25 €,1.49 €,1.72 €,2.85 €,"7,954.76 €",10.00 €,75.00 €
2.02 Fr.,76.50 Fr.,"46,666.67 Fr.",892.86 Fr.,9.10 Fr.,1.23 Fr.,"2,281.82 Fr.",1.63 Fr.,3.03 Fr.,123.89 Fr.,47.50 Fr.,6.50 Fr.,"1,154.55 Fr.",79.00 Fr.,54.22 Fr.,23.33 Fr.,4.75 Fr.,23.04 Fr.,2.66 Fr.,"9,190.69 Fr.",Bern,109.89 Fr.,"2,133.33 Fr.",1.69 Fr.,5.55 Fr.,3.55 Fr.,25.95 Fr.,136.25 Fr.,3.77 Fr.,45.50 Fr.,275.78 Fr.,1.87 Fr.,12.00 Fr.,2.52 Fr.,4.45 Fr.,59.11 Fr.,"1,662.50 Fr.","6,106.25 Fr.",0.22 Fr.,2.49,1.87 Fr.,23.00 Fr.,"35,000.00 Fr.",3.89 Fr.,3.65 Fr.,1.92 Fr.,"29,000.00 Fr.",20.00 Fr.,6.90 Fr.,2.70 Fr.,2.09 Fr.,4.15 Fr.,"6,017.00 Fr.",15.00 Fr.,90.00 Fr.
1.50 €,30.00 €,"26,907.14 €",698.75 €,6.00 €,0.55 €,"2,100.00 €",1.65 €,2.18 €,86.25 €,34.18 €,5.00 €,"1,058.59 €",35.00 €,15.67 €,17.84 €,1.53 €,15.33 €,1.66 €,"7,045.45 €",Rome,76.50 €,483.08 €,1.49 €,3.29 €,2.32 €,9.83 €,112.00 €,1.08 €,27.48 €,211.06 €,1.56 €,6.00 €,2.31 €,1.30 €,51.69 €,"1,285.71 €","1,651.44 €",0.23 €,2.33,1.17 €,15.00 €,"24,500.00 €",2.61 €,1.50 €,1.84 €,"7,944.38 €",9.00 €,4.25 €,1.92 €,2.22 €,2.07 €,"3,363.61 €",9.25 €,70.00 €
1.00 €,22.00 €,"22,000.00 €",516.67 €,5.00 €,0.53 €,673.33 €,1.05 €,1.75 €,50.00 €,27.50 €,4.00 €,616.67 €,28.00 €,13.57 €,25.00 €,1.47 €,9.50 €,1.33 €,"2,500.00 €",San-Marino-San-Marino,55.00 €,253.33 €,1.50 €,2.29 €,1.50 €,4.00 €,49.00 €,1.38 €,36.67 €,100.00 €,1.41 €,4.00 €,1.10 €,1.30 €,60.00 €,583.33 €,"3,005.81 €",0.20 €,3.55,0.75 €,15.00 €,"21,500.00 €",1.50 €,1.50 €,1.67 €,"5,000.00 €",7.50 €,9.90 €,1.99 €,1.58 €,1.98 €,"2,500.00 €",7.33 €,60.00 €
1.41 €,30.00 €,"26,730.00 €",798.68 €,8.00 €,1.08 €,"1,697.20 €",1.18 €,2.42 €,90.69 €,32.00 €,5.00 €,955.48 €,49.00 €,16.49 €,22.12 €,3.41 €,13.26 €,2.20 €,"3,837.92 €",Brussels,79.64 €,846.88 €,2.11 €,3.33 €,2.45 €,9.79 €,120.09 €,2.25 €,51.11 €,205.95 €,1.25 €,8.00 €,1.99 €,2.00 €,30.72 €,"1,504.55 €","2,843.03 €",0.27 €,2.15,1.54 €,16.00 €,"26,622.50 €",2.76 €,2.45 €,1.86 €,"22,010.00 €",12.00 €,4.90 €,1.61 €,3.22 €,2.39 €,"3,283.33 €",9.12 €,75.00 €
1.54 €,32.50 €,"29,845.00 €","1,398.34 €",8.20 €,0.74 €,"2,722.19 €",1.15 €,1.73 €,82.15 €,27.48 €,5.00 €,"1,638.30 €",89.00 €,16.87 €,19.72 €,3.24 €,12.14 €,1.63 €,"7,640.74 €",Amsterdam,69.63 €,"1,576.10 €",1.35 €,3.73 €,2.27 €,9.77 €,97.48 €,2.19 €,41.33 €,215.81 €,1.09 €,6.00 €,2.04 €,2.40 €,35.66 €,"2,026.57 €","3,734.92 €",0.06 €,2.85,1.07 €,15.50 €,"26,349.50 €",2.93 €,3.20 €,1.97 €,"11,139.55 €",13.00 €,4.00 €,1.66 €,1.59 €,2.47 €,"5,214.98 €",10.00 €,65.00 €
1.92 €,33.00 €,"27,728.57 €",899.26 €,8.00 €,0.71 €,"2,358.33 €",1.27 €,2.65 €,86.50 €,35.71 €,4.00 €,"1,270.07 €",80.00 €,14.17 €,20.24 €,3.36 €,12.55 €,1.75 €,"7,995.60 €",Berlin,81.84 €,186.67 €,1.04 €,2.90 €,2.60 €,10.12 €,108.53 €,2.14 €,39.17 €,337.93 €,1.68 €,6.00 €,2.39 €,2.00 €,39.10 €,"1,620.98 €","2,979.77 €",0.11 €,2.89,1.41 €,12.00 €,"29,970.00 €",3.31 €,3.00 €,1.92 €,"6,718.75 €",12.00 €,4.70 €,1.76 €,1.47 €,2.60 €,"5,704.82 €",9.90 €,60.00 €
1.88 Fr.,7.01 Fr.,"33,769.39 Fr.","1,155.26 Fr.",9.00 Fr.,0.95 Fr.,"2,229.68 Fr.",1.55 Fr.,4.35 Fr.,113.46 Fr.,40.97 Fr.,5.00 Fr.,"1,243.80 Fr.",50.00 Fr.,23.00 Fr.,27.50 Fr.,4.83 Fr.,13.61 Fr.,2.99 Fr.,"7,219.33 Fr.",Vaduz-Liechtenstein,85.75 Fr.,225.00 Fr.,1.93 Fr.,6.94 Fr.,2.53 Fr.,9.62 Fr.,114.08 Fr.,3.50 Fr.,50.67 Fr.,182.36 Fr.,2.08 Fr.,15.00 Fr.,2.00 Fr.,1.03 Fr.,71.67 Fr.,"1,933.33 Fr.","6,611.11 Fr.",0.15 Fr.,7.12,1.94 Fr.,25.00 Fr.,"28,449.50 Fr.",4.50 Fr.,4.00 Fr.,1.73 Fr.,"12,240.00 Fr.",24.54 Fr.,1.60 Fr.,3.70 Fr.,2.00 Fr.,4.00 Fr.,"3,250.00 Fr.",13.00 Fr.,97.50 Fr.
1.53 €,25.00 €,"22,998.89 €",647.48 €,6.00 €,0.56 €,"1,524.15 €",1.37 €,2.21 €,80.65 €,32.23 €,4.20 €,844.70 €,45.00 €,15.00 €,16.50 €,3.42 €,10.75 €,2.04 €,"7,512.16 €",Vienna,80.06 €,238.75 €,1.06 €,3.68 €,2.23 €,10.69 €,98.86 €,2.08 €,30.15 €,215.08 €,1.41 €,6.00 €,1.91 €,1.60 €,28.35 €,"1,096.38 €","2,969.05 €",0.04 €,2.00,1.45 €,14.00 €,"26,000.00 €",3.19 €,2.40 €,1.75 €,"11,987.50 €",11.00 €,4.00 €,1.80 €,1.34 €,2.61 €,"4,488.68 €",9.00 €,60.00 €
24.02 Kč,360.00 Kč,"614,541.38 Kč","17,417.60 Kč",144.00 Kč,17.80 Kč,"43,452.23 Kč",27.01 Kč,47.24 Kč,"2,117.26 Kč",931.79 Kč,50.00 Kč,"23,310.10 Kč",550.00 Kč,314.63 Kč,414.38 Kč,69.58 Kč,282.48 Kč,39.68 Kč,"190,426.83 Kč",Prague,"1,976.11 Kč","18,062.50 Kč",23.50 Kč,75.95 Kč,40.77 Kč,203.52 Kč,"2,582.33 Kč",31.53 Kč,540.64 Kč,"7,216.99 Kč",25.43 Kč,150.00 Kč,57.88 Kč,28.50 Kč,"1,365.13 Kč","30,542.62 Kč","42,590.49 Kč",3.76 Kč,6.29,33.23 Kč,225.10 Kč,"603,450.00 Kč",81.49 Kč,32.00 Kč,38.63 Kč,"307,942.31 Kč",250.00 Kč,45.00 Kč,40.08 Kč,38.56 Kč,37.87 Kč,"133,644.44 Kč",190.00 Kč,"1,200.00 Kč"
3.54 zł,40.00 zł,"102,529.63 zł","2,903.85 zł",18.00 zł,2.49 zł,"7,539.13 zł",4.09 zł,7.15 zł,361.28 zł,147.01 zł,14.00 zł,"3,823.58 zł",110.00 zł,47.11 zł,79.52 zł,13.68 zł,37.35 zł,4.59 zł,"20,474.44 zł",Warsaw,327.18 zł,"1,877.04 zł",4.28 zł,12.37 zł,3.93 zł,24.81 zł,399.51 zł,6.54 zł,58.66 zł,"1,157.47 zł",4.03 zł,30.00 zł,6.60 zł,3.00 zł,147.93 zł,"5,197.71 zł","6,141.64 zł",0.43 zł,8.08,5.03 zł,40.00 zł,"109,500.00 zł",14.12 zł,4.40 zł,6.86 zł,"47,204.00 zł",30.00 zł,8.00 zł,6.43 zł,6.39 zł,7.12 zł,"12,443.93 zł",29.25 zł,200.00 zł
0.77 €,9.60 €,"24,725.00 €",498.81 €,4.55 €,0.76 €,"1,362.64 €",1.38 €,1.75 €,79.80 €,32.96 €,4.30 €,744.87 €,29.00 €,9.71 €,26.00 €,2.82 €,10.40 €,1.43 €,"4,149.15 €",Vilnius,72.30 €,445.75 €,1.38 €,2.34 €,1.34 €,7.27 €,96.11 €,1.60 €,13.71 €,202.31 €,0.68 €,8.00 €,2.17 €,0.75 €,31.29 €,855.21 €,"1,260.78 €",0.17 €,2.74,1.31 €,10.00 €,"25,000.00 €",2.75 €,0.65 €,1.74 €,"7,964.54 €",8.00 €,1.25 €,1.57 €,1.68 €,2.11 €,"2,546.05 €",7.00 €,60.00 €
0.88 €,9.80 €,"22,349.23 €",301.11 €,4.50 €,0.75 €,820.83 €,1.32 €,1.85 €,71.84 €,41.75 €,4.00 €,449.19 €,30.00 €,10.65 €,22.59 €,2.70 €,9.82 €,1.26 €,"2,408.10 €",Riga,66.21 €,360.56 €,1.57 €,2.47 €,1.40 €,6.98 €,101.96 €,1.11 €,18.18 €,320.25 €,0.71 €,7.00 €,2.24 €,0.93 €,39.95 €,543.16 €,"1,107.60 €",0.13 €,2.66,1.38 €,12.00 €,"21,750.00 €",2.66 €,1.50 €,1.86 €,"12,576.00 €",9.20 €,2.50 €,1.58 €,1.64 €,1.27 €,"1,474.04 €",7.00 €,52.00 €
0.91 €,12.00 €,"24,120.50 €",476.94 €,5.10 €,0.83 €,"1,089.42 €",1.04 €,1.96 €,81.44 €,34.67 €,5.00 €,653.51 €,30.00 €,13.02 €,30.38 €,3.12 €,9.33 €,1.13 €,"3,682.84 €",Tallinn,75.95 €,345.25 €,1.51 €,2.35 €,1.54 €,7.33 €,93.22 €,1.53 €,25.46 €,257.45 €,0.78 €,8.00 €,1.91 €,0.80 €,49.11 €,774.09 €,"1,477.25 €",0.04 €,2.12,1.38 €,12.00 €,"25,000.00 €",2.45 €,1.50 €,1.80 €,"6,279.00 €",9.00 €,2.59 €,1.28 €,1.81 €,1.90 €,"2,547.19 €",7.00 €,60.00 €
12.49 kr,600.00 kr,"283,321.83 kr","8,937.88 kr",60.00 kr,9.43 kr,"19,448.72 kr",13.61 kr,19.28 kr,823.50 kr,358.80 kr,55.00 kr,"12,259.44 kr",545.00 kr,110.97 kr,186.70 kr,41.60 kr,91.03 kr,21.08 kr,"55,015.12 kr",Copenhagen,742.19 kr,"3,707.50 kr",13.52 kr,33.17 kr,19.77 kr,79.02 kr,"1,157.96 kr",19.04 kr,256.94 kr,"1,525.13 kr",10.76 kr,65.00 kr,17.24 kr,17.00 kr,304.17 kr,"14,452.63 kr","25,184.95 kr",0.86 kr,1.70,13.64 kr,140.00 kr,"280,000.00 kr",29.38 kr,24.00 kr,15.51 kr,"57,488.89 kr",120.00 kr,50.00 kr,17.46 kr,16.48 kr,22.72 kr,"37,462.50 kr",90.00 kr,800.00 kr
20.12 kr,500.00 kr,"341,829.41 kr","11,992.68 kr",150.00 kr,22.96 kr,"22,280.00 kr",20.86 kr,27.32 kr,"1,109.84 kr",399.40 kr,100.00 kr,"14,047.20 kr",845.00 kr,298.74 kr,299.33 kr,44.03 kr,118.97 kr,35.47 kr,"91,463.77 kr",Oslo,871.89 kr,"3,254.61 kr",32.53 kr,40.03 kr,28.64 kr,136.22 kr,"1,156.67 kr",27.59 kr,446.50 kr,"2,228.63 kr",22.87 kr,160.00 kr,30.02 kr,15.00 kr,452.26 kr,"17,682.86 kr","39,142.04 kr",0.99 kr,3.05,25.08 kr,200.00 kr,"350,000.00 kr",38.42 kr,40.00 kr,22.81 kr,"94,668.75 kr",175.00 kr,100.00 kr,21.03 kr,42.18 kr,30.50 kr,"65,019.64 kr",120.00 kr,"1,100.00 kr"
14.90 kr,525.00 kr,"330,000.00 kr","11,354.97 kr",70.00 kr,14.57 kr,"24,936.64 kr",15.58 kr,28.60 kr,"1,039.88 kr",424.40 kr,75.00 kr,"15,798.20 kr",970.00 kr,199.52 kr,381.61 kr,41.80 kr,107.19 kr,28.99 kr,"113,187.37 kr",Stockholm,913.93 kr,"1,396.20 kr",20.66 kr,41.68 kr,31.97 kr,128.84 kr,"1,431.17 kr",21.08 kr,344.12 kr,"1,288.10 kr",14.74 kr,120.00 kr,31.59 kr,35.00 kr,478.37 kr,"17,441.18 kr","32,626.81 kr",1.75 kr,3.49,24.55 kr,131.01 kr,"300,000.00 kr",43.51 kr,39.00 kr,21.77 kr,"80,142.86 kr",150.00 kr,59.50 kr,27.76 kr,24.75 kr,23.03 kr,"68,799.56 kr",96.00 kr,800.00 kr
379.72 kr,"9,177.00 kr","5,825,307.69 kr","194,007.34 kr","1,650.00 kr",285.40 kr,"330,206.90 kr",215.10 kr,346.74 kr,"18,437.14 kr","5,900.00 kr","1,300.00 kr","222,941.32 kr","9,000.00 kr","3,750.53 kr","5,728.57 kr",634.77 kr,"1,991.84 kr",466.20 kr,"835,913.00 kr",Reykjavik,"14,951.33 kr","38,138.08 kr",421.64 kr,813.89 kr,440.95 kr,"2,532.83 kr","23,660.83 kr",278.41 kr,"8,631.76 kr","12,463.31 kr",199.51 kr,"2,749.50 kr",424.00 kr,404.00 kr,"9,060.00 kr","274,285.71 kr","508,943.23 kr",7.86 kr,6.27,387.76 kr,"2,705.18 kr","5,195,000.00 kr",672.36 kr,550.00 kr,324.08 kr,"831,666.67 kr","1,900.00 kr",730.00 kr,288.67 kr,354.14 kr,358.00 kr,"607,707.05 kr","2,099.50 kr","15,000.00 kr"
0.96 €,53.40 €,"30,539.50 €",770.66 €,9.70 €,1.58 €,"1,819.66 €",1.07 €,2.02 €,70.78 €,32.91 €,8.00 €,947.43 €,65.30 €,18.64 €,24.86 €,4.15 €,7.33 €,2.28 €,"6,952.96 €",Helsinki,83.12 €,289.22 €,2.63 €,2.75 €,2.16 €,10.15 €,104.95 €,1.74 €,18.03 €,100.85 €,1.39 €,12.00 €,2.18 €,1.20 €,33.35 €,"1,292.07 €","3,147.00 €",0.06 €,1.11,1.94 €,13.60 €,"32,000.00 €",3.90 €,3.10 €,2.09 €,"6,450.00 €",15.90 €,6.90 €,1.59 €,3.06 €,2.42 €,"4,142.73 €",9.00 €,80.00 €
1.86 BYN,20.00 BYN,"76,915.85 BYN",656.32 BYN,5.00 BYN,1.76 BYN,"2,007.89 BYN",2.09 BYN,5.03 BYN,264.15 BYN,117.01 BYN,3.39 BYN,"1,026.87 BYN",45.91 BYN,21.18 BYN,42.79 BYN,4.66 BYN,19.70 BYN,1.80 BYN,"4,909.74 BYN",Minsk,181.04 BYN,"1,086.87 BYN",2.78 BYN,3.67 BYN,3.10 BYN,11.27 BYN,325.14 BYN,1.26 BYN,33.44 BYN,156.60 BYN,2.20 BYN,25.00 BYN,3.70 BYN,1.00 BYN,99.81 BYN,"1,262.11 BYN","1,491.77 BYN",0.13 BYN,19.98,3.96 BYN,25.00 BYN,"58,081.26 BYN",6.22 BYN,0.90 BYN,2.48 BYN,"16,333.60 BYN",12.00 BYN,4.02 BYN,4.89 BYN,4.76 BYN,2.29 BYN,"3,096.08 BYN",15.00 BYN,120.00 BYN
18.29 ₴,165.00 ₴,"845,267.38 ₴","9,848.48 ₴",80.00 ₴,19.18 ₴,"31,813.19 ₴",38.65 ₴,60.07 ₴,"3,139.13 ₴","1,513.72 ₴",50.00 ₴,"16,816.67 ₴",390.00 ₴,249.50 ₴,642.62 ₴,53.39 ₴,308.24 ₴,27.11 ₴,"85,477.60 ₴",Kiev,"2,661.08 ₴","13,880.61 ₴",32.80 ₴,79.97 ₴,23.17 ₴,150.12 ₴,"3,895.19 ₴",20.37 ₴,186.79 ₴,"3,674.40 ₴",35.65 ₴,180.00 ₴,64.24 ₴,11.00 ₴,"1,119.36 ₴","19,223.08 ₴","19,118.89 ₴",1.91 ₴,16.45,41.04 ₴,300.00 ₴,"1,100,000.00 ₴",82.24 ₴,10.00 ₴,52.93 ₴,"255,013.23 ₴",150.00 ₴,70.00 ₴,56.92 ₴,52.80 ₴,27.30 ₴,"44,528.77 ₴",180.00 ₴,"1,200.00 ₴"
1.09 €,18.00 €,"22,713.33 €",504.32 €,4.50 €,0.74 €,"1,208.62 €",1.08 €,2.01 €,73.72 €,30.43 €,2.25 €,662.43 €,30.00 €,12.29 €,13.22 €,2.36 €,11.88 €,1.53 €,"4,766.18 €",Bratislava,62.57 €,507.14 €,0.96 €,3.07 €,1.55 €,6.84 €,91.82 €,1.62 €,18.96 €,223.60 €,1.00 €,5.00 €,1.50 €,1.00 €,36.21 €,823.14 €,"1,217.50 €",0.07 €,2.28,1.36 €,8.50 €,"23,000.00 €",3.53 €,0.90 €,1.73 €,"15,500.00 €",9.00 €,4.00 €,1.59 €,1.46 €,1.87 €,"3,468.24 €",7.00 €,45.00 €
0.93 €,16.98 €,"24,471.33 €",577.26 €,4.50 €,0.70 €,"1,330.29 €",1.16 €,1.98 €,94.29 €,35.14 €,3.00 €,703.05 €,37.00 €,11.73 €,20.00 €,2.04 €,11.10 €,1.76 €,"4,582.04 €",Ljubljana,77.41 €,452.50 €,1.18 €,2.76 €,1.96 €,8.80 €,113.12 €,1.81 €,33.68 €,273.92 €,1.18 €,6.00 €,2.01 €,1.09 €,41.36 €,"1,039.59 €","1,327.56 €",0.09 €,2.28,1.45 €,10.00 €,"24,450.00 €",2.98 €,1.30 €,1.58 €,"10,006.25 €",8.00 €,1.95 €,1.45 €,2.01 €,2.34 €,"3,458.55 €",7.00 €,50.00 €
1.10 €,6.66 €,"23,974.44 €",457.65 €,4.64 €,1.04 €,993.77 €,1.20 €,1.68 €,86.27 €,36.18 €,2.66 €,588.32 €,47.85 €,11.52 €,11.93 €,1.90 €,9.49 €,1.11 €,"4,069.80 €",Zagreb,84.77 €,150.00 €,1.42 €,3.06 €,1.38 €,9.22 €,105.05 €,1.72 €,24.11 €,198.14 €,1.08 €,6.50 €,2.57 €,0.79 €,43.08 €,723.81 €,"1,139.26 €",0.12 €,3.36,1.04 €,10.00 €,"25,250.36 €",2.41 €,0.53 €,1.71 €,"6,435.41 €",6.66 €,1.99 €,1.42 €,1.91 €,2.38 €,"2,741.89 €",7.16 €,49.06 €
419.33 Ft,"6,000.00 Ft","9,376,675.93 Ft","157,795.87 Ft","2,100.00 Ft",172.72 Ft,"369,273.87 Ft",480.05 Ft,678.24 Ft,"29,900.91 Ft","12,681.36 Ft",800.00 Ft,"201,945.62 Ft","9,500.00 Ft","4,064.46 Ft","5,267.65 Ft",733.20 Ft,"4,367.98 Ft",543.49 Ft,"1,397,457.63 Ft",Budapest,"28,871.94 Ft","141,718.75 Ft",389.77 Ft,"1,141.61 Ft",567.45 Ft,"1,896.70 Ft","34,980.75 Ft",373.33 Ft,"5,393.21 Ft","55,194.51 Ft",482.29 Ft,"2,000.00 Ft",770.87 Ft,440.00 Ft,"18,632.20 Ft","259,221.61 Ft","403,367.18 Ft",30.72 Ft,9.63,508.44 Ft,"3,500.00 Ft","9,726,210.00 Ft","1,421.50 Ft",350.00 Ft,650.26 Ft,"3,581,764.71 Ft","2,500.00 Ft","1,000.00 Ft",703.12 Ft,559.28 Ft,470.98 Ft,"920,607.14 Ft","2,500.00 Ft","16,000.00 Ft"
1.56 KM,11.00 KM,"40,869.94 KM",375.00 KM,6.00 KM,1.08 KM,877.27 KM,2.25 KM,2.62 KM,157.50 KM,60.61 KM,4.00 KM,532.37 KM,53.00 KM,17.33 KM,38.46 KM,2.88 KM,14.63 KM,1.63 KM,"4,465.38 KM",Sarajevo,145.18 KM,342.63 KM,1.93 KM,4.24 KM,1.99 KM,12.97 KM,169.52 KM,1.64 KM,50.05 KM,319.88 KM,1.66 KM,12.00 KM,2.96 KM,1.50 KM,54.00 KM,584.09 KM,"1,469.06 KM",0.17 KM,3.20,1.76 KM,10.00 KM,"40,000.00 KM",3.15 KM,1.60 KM,3.13 KM,"5,923.08 KM",10.00 KM,2.00 KM,2.81 KM,2.27 KM,3.05 KM,"2,651.92 KM",10.00 KM,50.00 KM
114.34 Дин,950.00 Дин,"2,393,317.44 Дин","55,738.48 Дин",410.00 Дин,65.21 Дин,"143,056.54 Дин",160.53 Дин,180.38 Дин,"10,389.52 Дин","3,815.88 Дин",250.00 Дин,"89,642.17 Дин","3,250.00 Дин","1,312.46 Дин","1,779.86 Дин",222.20 Дин,985.90 Дин,79.13 Дин,"397,323.74 Дин",Belgrade,"9,021.94 Дин","34,224.52 Дин",82.78 Дин,277.14 Дин,128.47 Дин,767.14 Дин,"13,306.80 Дин",144.25 Дин,"2,865.57 Дин","17,663.76 Дин",96.65 Дин,800.00 Дин,216.14 Дин,96.00 Дин,"3,474.84 Дин","90,550.77 Дин","75,406.36 Дин",11.45 Дин,5.25,78.55 Дин,"1,000.00 Дин","2,770,000.00 Дин",220.41 Дин,90.00 Дин,187.33 Дин,"752,157.89 Дин",723.46 Дин,265.00 Дин,202.45 Дин,157.02 Дин,206.43 Дин,"240,510.83 Дин",830.00 Дин,"4,000.00 Дин"
4.36 lei,30.00 lei,"114,805.71 lei","1,640.33 lei",25.00 lei,3.35 lei,"4,161.86 lei",8.46 lei,6.90 lei,350.99 lei,191.88 lei,11.28 lei,"2,331.12 lei",80.00 lei,50.41 lei,88.49 lei,13.39 lei,40.29 lei,5.22 lei,"12,171.67 lei",Bucharest,324.22 lei,"2,302.99 lei",4.54 lei,14.73 lei,5.12 lei,28.85 lei,443.33 lei,8.22 lei,42.72 lei,658.62 lei,4.70 lei,30.00 lei,8.49 lei,3.00 lei,214.76 lei,"2,802.53 lei","4,600.80 lei",0.32 lei,7.82,3.58 lei,50.00 lei,"110,834.88 lei",10.41 lei,3.00 lei,7.06 lei,"43,272.02 lei",35.00 lei,3.00 lei,7.42 lei,7.73 lei,8.21 lei,"7,125.89 lei",28.00 lei,226.67 lei
11.57 L,60.00 L,"399,285.71 L","4,786.73 L",45.00 L,12.25 L,"11,927.27 L",19.58 L,26.95 L,"1,760.44 L",608.67 L,25.00 L,"6,178.21 L",234.00 L,132.14 L,367.50 L,28.39 L,173.80 L,8.78 L,"24,019.41 L",Chisinau,935.58 L,"5,957.66 L",18.73 L,40.43 L,13.58 L,91.09 L,"2,062.55 L",9.39 L,178.12 L,"3,573.86 L",11.35 L,95.61 L,26.02 L,5.00 L,589.19 L,"9,218.18 L","9,404.62 L",1.86 L,12.95,23.84 L,120.00 L,"301,000.00 L",34.30 L,6.00 L,28.33 L,"60,887.87 L",120.00 L,30.00 L,30.14 L,30.79 L,13.85 L,"17,087.13 L",100.00 L,550.00 L
1.84 лв,18.60 лв,"46,334.38 лв",662.88 лв,6.00 лв,1.18 лв,"1,563.85 лв",3.37 лв,2.88 лв,150.44 лв,61.81 лв,4.00 лв,865.27 лв,50.00 лв,21.98 лв,28.41 лв,4.04 лв,20.50 лв,1.94 лв,"5,100.76 лв",Sofia,126.83 лв,835.49 лв,1.68 лв,6.25 лв,2.64 лв,14.89 лв,158.33 лв,1.82 лв,24.10 лв,246.83 лв,1.77 лв,11.00 лв,3.72 лв,1.22 лв,58.58 лв,"1,068.77 лв","2,053.11 лв",0.33 лв,3.13,1.68 лв,20.00 лв,"45,000.00 лв",4.29 лв,1.60 лв,2.81 лв,"15,284.04 лв",15.00 лв,2.32 лв,3.24 лв,2.96 лв,2.55 лв,"3,265.71 лв",12.00 лв,82.50 лв
0.85 €,7.50 €,"26,500.00 €",301.67 €,3.50 €,0.64 €,734.62 €,1.20 €,1.21 €,81.56 €,31.67 €,2.00 €,420.48 €,30.00 €,10.00 €,13.50 €,1.52 €,6.44 €,0.77 €,"1,787.50 €",Podgorica,72.50 €,179.17 €,0.93 €,2.55 €,1.10 €,6.94 €,90.00 €,1.44 €,26.61 €,106.97 €,1.13 €,5.00 €,1.77 €,0.55 €,34.23 €,512.50 €,653.12 €,0.13 €,6.27,0.88 €,6.80 €,"25,000.00 €",2.10 €,0.90 €,1.50 €,"5,200.00 €",5.00 €,0.60 €,1.62 €,1.25 €,1.79 €,"1,361.54 €",4.50 €,25.50 €
0.74 €,5.00 €,"19,520.00 €",240.00 €,2.80 €,0.44 €,575.00 €,1.07 €,1.21 €,70.00 €,35.62 €,1.80 €,323.33 €,14.00 €,8.41 €,8.50 €,1.11 €,4.60 €,0.49 €,"1,842.31 €",Pristina,44.44 €,140.00 €,0.90 €,1.62 €,1.04 €,4.31 €,76.67 €,0.98 €,19.81 €,94.55 €,0.69 €,4.00 €,1.20 €,0.90 €,22.70 €,396.15 €,439.19 €,0.09 €,4.48,0.71 €,5.00 €,"15,000.00 €",1.14 €,0.50 €,1.46 €,"4,337.50 €",5.00 €,2.00 €,1.35 €,1.12 €,1.02 €,927.14 €,5.00 €,20.00 €
43.52 ден,328.81 ден,"1,299,935.31 ден","13,050.26 ден",150.00 ден,28.40 ден,"29,939.56 ден",76.88 ден,63.65 ден,"4,326.10 ден","2,048.56 ден",120.00 ден,"17,894.66 ден","1,500.00 ден",636.53 ден,762.06 ден,97.26 ден,425.82 ден,46.90 ден,"106,116.76 ден",Skopje,"3,790.42 ден","14,690.15 ден",51.41 ден,125.21 ден,48.74 ден,419.45 ден,"5,195.92 ден",63.13 ден,"1,100.12 ден","7,834.46 ден",43.29 ден,300.00 ден,78.36 ден,35.00 ден,"1,723.64 ден","20,831.13 ден","30,731.33 ден",6.19 ден,4.68,28.24 ден,400.00 ден,"1,425,000.00 ден",109.00 ден,40.00 ден,92.79 ден,"240,420.50 ден",300.00 ден,50.00 ден,75.03 ден,69.46 ден,84.35 ден,"76,002.39 ден",265.00 ден,"1,599.67 ден"
92.78 Lek,"1,350.00 Lek","2,348,235.23 Lek","33,125.18 Lek",350.00 Lek,62.54 Lek,"105,712.90 Lek",176.65 Lek,150.66 Lek,"8,655.08 Lek","4,167.41 Lek",200.00 Lek,"50,865.99 Lek","1,600.00 Lek","1,140.54 Lek","2,206.63 Lek",155.36 Lek,888.27 Lek,90.58 Lek,"262,349.30 Lek",Tirana,"5,540.21 Lek","21,618.83 Lek",112.24 Lek,340.27 Lek,117.83 Lek,703.15 Lek,"10,084.18 Lek",74.94 Lek,"1,641.42 Lek","9,620.40 Lek",95.80 Lek,"1,000.00 Lek",184.30 Lek,300.00 Lek,"4,130.09 Lek","55,843.65 Lek","54,943.13 Lek",28.06 Lek,4.97,109.78 Lek,700.00 Lek,"2,217,836.53 Lek",148.41 Lek,40.00 Lek,220.61 Lek,"407,740.94 Lek",775.00 Lek,300.00 Lek,209.82 Lek,164.00 Lek,159.92 Lek,"122,736.41 Lek",700.00 Lek,"4,000.00 Lek"
11.48 TL,100.00 TL,"752,341.67 TL","4,901.82 TL",35.00 TL,5.53 TL,"12,852.11 TL",22.81 TL,18.29 TL,"1,587.10 TL",658.52 TL,60.00 TL,"7,304.43 TL",300.00 TL,231.64 TL,265.00 TL,44.01 TL,154.71 TL,9.71 TL,"24,115.43 TL",Ankara,934.05 TL,"5,483.33 TL",38.29 TL,37.86 TL,18.27 TL,89.11 TL,"1,381.94 TL",7.65 TL,193.17 TL,"1,309.07 TL",13.67 TL,150.00 TL,33.25 TL,10.00 TL,456.59 TL,"8,681.16 TL","10,079.50 TL",1.32 TL,20.40,12.69 TL,110.00 TL,"805,000.00 TL",23.66 TL,9.50 TL,21.50 TL,"104,027.23 TL",70.00 TL,12.00 TL,30.00 TL,49.87 TL,19.91 TL,"15,924.66 TL",102.50 TL,450.00 TL
2.50 €,30.00 €,"25,666.67 €",805.56 €,5.50 €,1.33 €,"2,400.00 €",1.11 €,2.18 €,131.25 €,65.00 €,4.00 €,955.56 €,26.00 €,14.67 €,26.67 €,2.77 €,11.67 €,1.58 €,"6,333.33 €",Valletta,117.50 €,616.00 €,1.77 €,2.82 €,2.50 €,9.00 €,163.75 €,1.60 €,46.88 €,158.56 €,3.00 €,7.00 €,2.57 €,3.00 €,79.38 €,"1,438.89 €","1,333.57 €",0.40 €,4.00,1.76 €,16.00 €,"22,000.00 €",3.70 €,1.50 €,1.36 €,"9,500.00 €",15.00 €,8.00 €,1.82 €,3.12 €,2.19 €,"4,066.67 €",9.50 €,80.00 €
